FirstName,LastName,Email,Address,Phone
"Michael","Scott","mscott@mailinator.com","123 Maple St, New York, NY 123456","(321) 456-7890"
"Jim","Halpert","jhalpert@mailinator.com","234 Oak St, New York, NY 234567","(234) 567-8901"
"Dwight","Schrute","dwightkurtschrute@mailinator.com","100 Schrute Farm Road","(234) 651-2359"
"Ryan","Anderson","ryananderson@mailinator.com","1101 Charter Oak Ct., IL, 56869","(678) 567-5678"
"Curtis","Russel","curtisrussel@mailinator.com","5253 Trophy Dr, Fairfield, CA, 94534","(678) 888-9977"
"Don","Harmon","donsharmon@mailinator.com","4031 Frum Street Smithville, TN 37166","(615) 273-2077"
"Joyce","Clifton","joycedclifton@mailinator.com","4675 Cottrill Lane, Stlouis, MO 63101","(314) 420-7760"
"Email","Tester","emailtester123@mailinator.com","123 Mailinator Lane","(321) 456-7890"